[
  {
    "signatures": [
      {
        "signature": "sha256:644a4e621c66a6cf0b6e0f058979e6d6b189abc4c6600481ce8515890c270c45",
        "filename": "RTG-1.7.10-1.1.1.jar"
      },
      {
        "signature": "sha256:c6dedaaae56dc63d224e1f3ac58e540fb61d2b98da4ad7e53fd98c24d728c7fb",
        "filename": "IguanaTinkerTweaks-1.7.10-2.1.6.jar"
      },
      {
        "signature": "sha256:c248122e9af4ec1e5ef30b0dead05288dced3d3d0f9e3d7ae199bd2058f73def",
        "filename": "ObsidiPlates-1.7.10-universal-3.0.0.18.jar"
      },
      {
        "signature": "sha256:bb7d17b340afe6abdfbfdaa03683bce4aef39a64887dbab0636eaff3cf2d59ba",
        "filename": "codecwav-20101023.jar"
      },
      {
        "signature": "sha256:29bad159b532a050f38b0e303da9da4d712fe3a9949687cc88da5a868cbfcad8",
        "filename": "BetterLoadingScreen-1.3.9.jar"
      },
      {
        "signature": "sha256:af168f67ea58a05664a43104bca81bd57ee8c7a0f292ebe14cd310c469bbfd15",
        "filename": "Enchiridion 2-1.7.10-2.0.2a.jar"
      },
      {
        "signature": "sha256:abd02320e2356f89d054dae4cf02306bef20a9cf7865b3ac94ec7552b4f1528b",
        "filename": "httpcore-4.3.2.jar"
      },
      {
        "signature": "sha256:ee7840eb553b850bdb32ed5be6194936f02f2cb2c9b915e4996312ec4a812588",
        "filename": "EJML-core-0.26.jar"
      },
      {
        "signature": "sha256:09f6eda533c9de3a9b238ef9a5203e6c2dba56bdbb7c16f780eba990eaec0875",
        "filename": "Galacticraft-Planets-1.7-3.0.12.463.jar"
      },
      {
        "signature": "sha256:d8a630f984657c5ae84d41aeaa413adf73ca243b8a5eee117ec40656884d7255",
        "filename": "Numina-0.4.0.131.jar"
      },
      {
        "signature": "sha256:3120fd24c09ab9bc088cb9c1eb2065be86718608450fdbc27b5d371729a619cb",
        "filename": "netty-1.6.jar"
      },
      {
        "signature": "sha256:a9e5f3b49fcac4f899fb508435edb112881668860023006cd84020410557a1fe",
        "filename": "ThaumcraftMobAspects-1.7.2-2A.jar"
      },
      {
        "signature": "sha256:11351015d9c2e1552dbfb3ab74db4f40c41ecca19adeec75ed70e6e037bcf810",
        "filename": "GalacticGreg-0.7.jar"
      },
      {
        "signature": "sha256:6d845b6cfd5dbb5c9f2ba40ba4a0a0451a00769b0041241e3cb4246289f0489e",
        "filename": "Mariculture-Deluxe-1.7.10-1.3.0-6.jar"
      },
      {
        "signature": "sha256:688091f5c106603558d40f477cef58321596838e0ca8dc9bbc44951271ef780f",
        "filename": "ModTweaker2-0.9.5.jar"
      },
      {
        "signature": "sha256:32d7e73005a2dc0ccc3c62470c435b351f6501de8e8718e26960534754570a77",
        "filename": "lwjgl_util-2.9.1.jar"
      },
      {
        "signature": "sha256:bfb3d413e67222c146a82e0e53a96024424c50a543655bbe0e4395a16046b4ff",
        "filename": "BiblioWoods[Natura][v1.5].jar"
      },
      {
        "signature": "sha256:ac1c37833aa8ec38a38f42111a9b2e196336b14c0891a3e76e284a61d1fb3dac",
        "filename": "malisisdoors-1.7.10-1.13.2.jar"
      },
      {
        "signature": "sha256:c20c52113c5074589a6ffedc784d20ddd95e1d58926d4306cb2007d66cbd306f",
        "filename": "scala-swing_2.11-1.0.1.jar"
      },
      {
        "signature": "sha256:2884bb70ba5edaa133981bbf6dae087c47bcef655f93567252f18421138a9693",
        "filename": "HardcoreEnderExpansion  MC-1.7.10  v1.8.6.jar"
      },
      {
        "signature": "sha256:11a9edff3f6fe49443507f879dff1780d9a859cd5409cbba318cef09671ff503",
        "filename": "Wawla-1.3.3-1.7.10.jar"
      },
      {
        "signature": "sha256:de2464b67967b2315cc41b323942d4dd36f4ee65a4808fc8373f1e67a351fcd7",
        "filename": "magicbees-1.7.10-2.4.3.jar"
      },
      {
        "signature": "sha256:eb0ca9bdd938f80711152a758d6bc331a8b0d769199d457294dc67ed03f73498",
        "filename": "log4j-api-2.0-beta9.jar"
      },
      {
        "signature": "sha256:d90186cf392cc883482b12b508dd6cfb04e15e079b8d387c17a4d2a029b807bb",
        "filename": "scala-continuations-library_2.11-1.0.2.jar"
      },
      {
        "signature": "sha256:57f402b626d16cc2705bf2a37add7adbb074f0ca3b3102fa6e23aa303dae682f",
        "filename": "launchwrapper-1.12.jar"
      },
      {
        "signature": "sha256:3b3dd7b71a64563039faf157ad138fb8f2d9ba7f28ef2309a6afcdab98e58d67",
        "filename": "TGregworks-1.7.10-1.0.9.jar"
      },
      {
        "signature": "sha256:21dc2a1752540f8d09a6f332020c60c5a8e3b6170fed16e083b7340ec8ec367f",
        "filename": "roguelike-1.7.10-1.5.0b.jar"
      },
      {
        "signature": "sha256:0ec8cd1ede7f7bbbf73030eba8b06ebcc0583045ff4cc9aec080b1736581da71",
        "filename": "appliedenergistics2-rv3-beta-6.jar"
      },
      {
        "signature": "sha256:ad19d2601c3abf0b946b5c3a4113e226a8c1e3305e395b90013b78dd94a723ce",
        "filename": "commons-codec-1.9.jar"
      },
      {
        "signature": "sha256:c0507f1c914bb108a3fd9be79cadec7a1f7eab31e28f748a736bb9b26f01a012",
        "filename": "IC2 Nei Plugin Version 1.0.7.jar"
      },
      {
        "signature": "sha256:baff60b4ccd018f854b3b3a063a4a3107b9d5ebc76077274a95587a9ba70fbea",
        "filename": "StorageDrawers-Forestry-1.7.10-1.1.2.jar"
      },
      {
        "signature": "sha256:2882d64550240dd0c026724da664d9f97ef205c91d6a85273d10790d88608f34",
        "filename": "soundsystem-20120107.jar"
      },
      {
        "signature": "sha256:3ebbc2f82b61812aa158375005a47da4d450bec870860fcbf015a64de74cde1c",
        "filename": "NotEnoughItems-1.7.10-1.0.5.120-universal.jar"
      },
      {
        "signature": "sha256:5e108efd78790b644a631e72362657acf8c16bfda5b0ba23e8553e418d1fd92e",
        "filename": "AppleCore-mc1.7.10-1.3.2.jar"
      },
      {
        "signature": "sha256:dbaa088690a23a954eff669a99d2452a24dd9f10d866725ff5d29ff4740a897e",
        "filename": "vecmath-1.3.1.jar"
      },
      {
        "signature": "sha256:48735b82e240bcadea62baa3a5ab601d091045579e1ecd1945866393394f4ce1",
        "filename": "ExtraCells-1.7.10-2.3.14b197.jar"
      },
      {
        "signature": "sha256:89fb51cf176e5460f8fdd5076655ee620f76b17da1f7f3a15d12e4bd9778817e",
        "filename": "natura-1.7.10-2.2.1a2.jar"
      },
      {
        "signature": "sha256:b73960e3311152477a3b8fc5589631f86e8ae8a45d98a655bd7d4e662f6119f8",
        "filename": "FlatSigns-1.7.10-universal-2.1.0.19.jar"
      },
      {
        "signature": "sha256:c2f7fe2e58d874a8f1f438f8f1cb9e19f53f0a153e74a9a3340c747825efc1e9",
        "filename": "scala-compiler-2.11.1.jar"
      },
      {
        "signature": "sha256:9844cc9b5440d65a88d28bcba9d771374d2dfdab898848cda164611091633013",
        "filename": "httpclient-4.3.3.jar"
      },
      {
        "signature": "sha256:f4bc72fb618cfcb682c4d8b63cd379daf8f3e75d784778a6b7a511ab786923df",
        "filename": "TravellersGear-1.7.10-1.16.6.jar"
      },
      {
        "signature": "sha256:5c04915aee4baba59b69457eb4bcc6b79d01a9ef87a8ffe4da972977026f68fc",
        "filename": "scala-parser-combinators_2.11-1.0.1.jar"
      },
      {
        "signature": "sha256:44423d7c43bde9274e1dbc1b00d6bd14ec7cb2572326eeefa9c6dd6fab47930b",
        "filename": "Waila-1.5.10_1.7.10.jar"
      },
      {
        "signature": "sha256:a300fcf2c43ab26eb1eb380a13efdcc6c1c46f0a502da219a4b58337df52ef7b",
        "filename": "ironchest-1.7.10-6.0.62.742-universal.jar"
      },
      {
        "signature": "sha256:c00fa1f72440f8ec8f893790f64c9cd1e93dd5f09672f19b5dc8fcfdbfbeab20",
        "filename": "BiblioWoods[Forestry][v1.7].jar"
      },
      {
        "signature": "sha256:70903f6fc82e9908c8da9f20443f61d90f0870a312642991fe8462a0b9391784",
        "filename": "commons-logging-1.1.3.jar"
      },
      {
        "signature": "sha256:c2e307410bb2451e171b9396db2bfaafbf076e3759ef20363bd751c8f36d261a",
        "filename": "StorageDrawers-1.7.10-1.10.3.jar"
      },
      {
        "signature": "sha256:a46d9a24cd195767cbaf3752ecebc9ecf5484c526dcc5b23d06431fdfcd1a259",
        "filename": "PlayerAPI-1.7.10-1.4.jar"
      },
      {
        "signature": "sha256:6b81d10754dadf184d386011486e6509c2cc0c3d33565ced4fb4402b9413d47d",
        "filename": "commons-lang3-3.3.2.jar"
      },
      {
        "signature": "sha256:520814f75f3abe9ad2285907e31d64f7b8a752da4a1dbfc2a72d0d44a8188950",
        "filename": "GTTweaker-1.7.10-1.4.2.jar"
      },
      {
        "signature": "sha256:eda03c0c76118094ae54dfcec024e34b53e523acb5c6889f091a4509471afc04",
        "filename": "Mantle-1.7.10-0.3.2b.jar"
      },
      {
        "signature": "sha256:dcde6033b205433d6e9855c93740f798951fa3a3f252035a768d9f356fde806d",
        "filename": "log4j-core-2.0-beta9.jar"
      },
      {
        "signature": "sha256:68c8a4f4c7785f939d8fa2e7df56c76afa37dfd2574f738a07d3dfd80d6257a6",
        "filename": "Chisel-2.9.5.11.jar"
      },
      {
        "signature": "sha256:9257961c710d44ba4deed68e66854a2d564421ad6228af2c683ddb1d5d185085",
        "filename": "tcnodetracker-1.7.10-1.1.2.jar"
      },
      {
        "signature": "sha256:27cf01972d3bb37cd4ca56683b924821d142f5dc27d3d1bb46fea5fa31a1c774",
        "filename": "thaumicenergistics-1.0.0.5.jar"
      },
      {
        "signature": "sha256:57e68a303740e7b09ee05ed1fd6da342a1c2dc7d3f14ae283d71cbd35673f7b6",
        "filename": "AnimationAPI-1.7.10-1.2.4.jar"
      },
      {
        "signature": "sha256:62d7c59e992f91ca3c6f26844e3dfa6b853db57d92f3b80cce0fb565ec07d1d2",
        "filename": "NEIIntegration-MC1.7.10-1.1.2.jar"
      },
      {
        "signature": "sha256:ce7a9c86ebebf30b89929026f4a0a3c58ce0f4d47937d6dc086ae4fd0c77544a",
        "filename": "authlib-1.5.21.jar"
      },
      {
        "signature": "sha256:76c53e760a716a7f881241e330300e967c069436d3d9d3fc10b11ab364e1e7e1",
        "filename": "GraviSuite_Reloaded-1.7.10-0.9.1.jar"
      },
      {
        "signature": "sha256:85e0d8571ffcd155ca5e9d0f4ad8d6a80403a2328f3cd719b92d79cd672c5fd0",
        "filename": "OpenModsLib-1.7.10-0.9.1.jar"
      },
      {
        "signature": "sha256:f921abc9c792f594f7fc6fc06b4a7ea330b646ea5ed3785e3589f90b16b2aad1",
        "filename": "twitch-5.16.jar"
      },
      {
        "signature": "sha256:a03882585e5917faf6e1606992fb025269aa5b605e43ed35eae017ea31860feb",
        "filename": "DrZharks MoCreatures Mod v6.3.1.zip"
      },
      {
        "signature": "sha256:651014c7d82b702b058379c79f20260146f68c20b0012c794c18002543b9bdc1",
        "filename": "CoFHCore-[1.7.10]3.1.2-325.jar"
      },
      {
        "signature": "sha256:3c8616203d61a12a7e3487e8b34f3c198c2b5ba9e90da0c7ea32d99cd4958012",
        "filename": "trove4j-3.0.3.jar"
      },
      {
        "signature": "sha256:00d1ca02192c7efb87da95552ebf247021f1e1d642f86d0a03076314def11529",
        "filename": "forge-1.7.10-10.13.4.1614-1.7.10-universal.jar"
      },
      {
        "signature": "sha256:c392a4aa51cd8e50efab545506f40e9f8929129c0e6b495422b8f916b6cc3b73",
        "filename": "OpenPeripheral-1.7.10-AIO-7.jar"
      },
      {
        "signature": "sha256:be7f605f1a22076f5d1fec2ad09e8edb94e1f58d0e5f11536f578a6a52aea3a0",
        "filename": "config-1.2.1.jar"
      },
      {
        "signature": "sha256:c40ee13bb8507cd15fe643f88a8cee6510fdc4f12e5bbe040d9ca48ea4a9967f",
        "filename": "neiaddons-1.12.15.41-mc1.7.10.jar"
      },
      {
        "signature": "sha256:6ab21a9973846ffa41a1e5b643e14c13a6d5b720bf1ff315256a9c98f767eaae",
        "filename": "scala-library-2.11.1.jar"
      },
      {
        "signature": "sha256:c3334ff39cf0ab3b54925619101054c90098b7c733b1e7834c7b75e4c41e84a5",
        "filename": "jutils-1.0.0.jar"
      },
      {
        "signature": "sha256:a718bc2c11e58cc92a8ad96d5c56b34c60b6176322b3dee8eff0f6e581877ec5",
        "filename": "TConstruct-1.7.10-1.8.8.jar"
      },
      {
        "signature": "sha256:97691ed534192e0efd34f27bce0e631a83b483db1462f1d62bf827d34244e380",
        "filename": "StorageDrawers-Natura-1.7.10-1.1.1.jar"
      },
      {
        "signature": "sha256:29aa164560f646d5171c4fa50b7ffd36d94393bf527eb5479ad47bc972eb7a61",
        "filename": "TiCTooltips-mc1.7.10-1.2.5.jar"
      },
      {
        "signature": "sha256:35e007551dc19dbcded8a0476e0cff20d34b42f4b71273772ac1b8382dd245c2",
        "filename": "iChunUtil-4.2.2.jar"
      },
      {
        "signature": "sha256:3a39374ca93c0f1ac7cc738c162c70747987a8a2daa85aa1c9594cf90b107445",
        "filename": "MineTweakerRecipeMaker-1.7.10-1.1.0.11.jar"
      },
      {
        "signature": "sha256:45470109c6495d641d1c90b9a7b468b5632b82e951eff99fd258a7e248e85aba",
        "filename": "InventoryTweaks-1.59-asie-lts.jar"
      },
      {
        "signature": "sha256:b732b1829004aa160404a8275302e5eacceab9b0492175a682f6a39e718787fb",
        "filename": "scala-continuations-plugin_2.11.1-1.0.2.jar"
      },
      {
        "signature": "sha256:333bbefeff5eb1722dc9b8d2e26c38bc69c1efa07d0ca870480f29d8858aa336",
        "filename": "libraryjavasound-20101123.jar"
      },
      {
        "signature": "sha256:056aef1c2971c783d7553b1b33ba411467dd2a263476b76c1325038e7ed5d079",
        "filename": "Botania r1.8-249.jar"
      },
      {
        "signature": "sha256:14472b0616947722d7dbe29bd82067218e4c3788b31e21822153bb2c22dde57c",
        "filename": "InfiniteInvo-1.0.52.jar"
      },
      {
        "signature": "sha256:8e968943cce623f6af5402595bb8731ecf6c32c394f44d602f13396ad10e49c0",
        "filename": "EnderIO-1.7.10-2.3.0.429_beta.jar"
      },
      {
        "signature": "sha256:09d44e6adddaab9fd89ea3164c439f71c755769fa8d3a940352ab3d2003b98ff",
        "filename": "asm-all-5.0.3.jar"
      },
      {
        "signature": "sha256:775c201e62cb88690e00be143566acf8c2fe6f70aaa0dbb6156ded12b7bebf52",
        "filename": "MicdoodleCore-1.7-3.0.12.463.jar"
      },
      {
        "signature": "sha256:73b5fcd1d06f85b8092456d8b539697173ec48116d5fe374f58c6783f2633b0b",
        "filename": "BetterStorage-1.7.10-0.13.1.127.jar"
      },
      {
        "signature": "sha256:9031d1cf2e35835a0a63d0d6e7e23da954f08b771d7bd9ef7550d905c73cf64a",
        "filename": "Hardcore Wither-1.7.10-1.1.3-21-universal.jar"
      },
      {
        "signature": "sha256:20d3c6ab0961545853207d263132788dde7198e9b9856a3abcd289c05691d1d5",
        "filename": "Railcraft_1.7.10-9.12.2.0.jar"
      },
      {
        "signature": "sha256:c0328cd07ca9e363a5acd00c1cf4afe8cf554bd6d373834981ba05cebec687fb",
        "filename": "gson-2.2.4.jar"
      },
      {
        "signature": "sha256:c86d6ffc6bc5238abecbc039850f2bca520b389a3fcd399eb0847c6c7223a01d",
        "filename": "IC2NuclearControl-2.4.1a.jar"
      },
      {
        "signature": "sha256:2253a460a3f33eee0fb5a5a9a9207cd527510997f301beae758945266e51e9ff",
        "filename": "OpenComputers-MC1.7.10-1.6.0.900-dev-universal.jar"
      },
      {
        "signature": "sha256:d39e6c8fc27709b04d58ec4c1b625648776dbf01cdf7af2d51388ee215d5d4e8",
        "filename": "thaumcraftneiplugin-1.7.10-1.7a.jar"
      },
      {
        "signature": "sha256:5e4e10114f2e234dfde8548e84066a7a1d3ec1583c1137b80cc718584a8250b8",
        "filename": "BiblioCraft[v1.11.4][MC1.7.10].jar"
      },
      {
        "signature": "sha256:1e396b4347cc5ac3392550605075a1bc9cdf2181ed846a686c75f71d104f356e",
        "filename": "scala-reflect-2.11.1.jar"
      },
      {
        "signature": "sha256:76905f92f829a960500ebe038924290e2757930102963920a3a347922c3402cf",
        "filename": "Opis-1.2.5_1.7.10.jar"
      },
      {
        "signature": "sha256:5593f1c4211a79a9974d9447472daa8a411c4b1609ee3667edc6380192422c6b",
        "filename": "craftingtweaks-mc1.7.10-1.0.58.jar"
      },
      {
        "signature": "sha256:c60aa318787341b4bcebc8c4f97c340bed0285955f1183fc1749fd70235f771b",
        "filename": "RandomThings-2.2.4.jar"
      },
      {
        "signature": "sha256:64335a48be6b142a7d0c13ec5c82a707857aa58c0234e6eda3eaca0e96eea51b",
        "filename": "jopt-simple-4.5.jar"
      },
      {
        "signature": "sha256:771df443516a2356c15c8131a15530298d56fe758a549b0d5ba043230b97c27b",
        "filename": "BigReactors-0.4.3A.jar"
      },
      {
        "signature": "sha256:8f7ddf60d19903c99b6e72f7ae52fad7484999e72affc6ff0559b0502ec7dfad",
        "filename": "tcinventoryscan-mc1.7.10-1.0.11.jar"
      },
      {
        "signature": "sha256:3f661d132061a1880310fa408e78c43407150ed5c89fb6a0fe02629f9c1b7582",
        "filename": "industrialcraft-2-2.2.823-experimental.jar"
      },
      {
        "signature": "sha256:4e730c46f10fa35a681f77a2db56bcf107193fef561546b61cadca06f83cd1f2",
        "filename": "EnderIOAddons-1.7.10-2.3.0.427_beta-0.10.11.54_beta.jar"
      },
      {
        "signature": "sha256:9bb96584505aae1c16ce93f61ca68ee75bc7d59543ea9f13c221ff9305fc6f68",
        "filename": "MobiusCore-1.2.5_1.7.10.jar"
      },
      {
        "signature": "sha256:6ff759efc10f9ea0deabb4aed7c1f61408d9bb9bce278949544c0a613f7ae4c8",
        "filename": "ForgeMultipart-1.7.10-1.2.0.345-universal.jar"
      },
      {
        "signature": "sha256:924c48ed0538a7312671f7e59abc0de9c2bc49f08feff3ed8407aa41b4bf1998",
        "filename": "Login_Shield-1.2-10-gd36e6a4.jar"
      },
      {
        "signature": "sha256:8d2f17b901d7ace91e2004a357c1408edc8e181394d82f453e0f2be7ca75f1cf",
        "filename": "EnderZoo-1.7.10-1.0.15.32.jar"
      },
      {
        "signature": "sha256:8ca7970639179379750fd88399494f58fab66cefa4ee266ee66dda3833fdb3b6",
        "filename": "CompactWaterTurbines-1.7.10-1.1.1.jar"
      },
      {
        "signature": "sha256:cdd5d71b919c9c433c5b770f0ff2e721903c0bd4bbba773d7d2d64035bb30fab",
        "filename": "bdlib-1.9.4.109-mc1.7.10.jar"
      },
      {
        "signature": "sha256:231a8fbffba0980af44471dd8801190375462e2d5a4331a071ba7b823810147d",
        "filename": "INpureCore-[1.7.10]1.0.0B9-62.jar"
      },
      {
        "signature": "sha256:a8ced4924d0e285ab287d94889e9920f855b9e13ef42e1c7468377b3c13bdb2b",
        "filename": "realms-1.3.5.jar"
      },
      {
        "signature": "sha256:cc6a41dc3eaacc9e440a6bd0d2890b20d36b4ee408fe2d67122f328bb6e01581",
        "filename": "commons-io-2.4.jar"
      },
      {
        "signature": "sha256:6756b33668f0c63fd4a4b05ccbbd70e365f5e753b56cf07cc39d564e6e4fdced",
        "filename": "MineTweaker3-1.7.10-3.0.10B.jar"
      },
      {
        "signature": "sha256:f6fc63b64a8d7f82e99a8a1e4f74b60e1748c2ab63d0a7e1ae2716976e21d04d",
        "filename": "pressure-1.3.0.131-mc1.7.10.jar"
      },
      {
        "signature": "sha256:147592c5eb8e11fc8394125954f877acf25918bae13aa210c2825aefc3030ed8",
        "filename": "icu4j-core-mojang-51.2.jar"
      },
      {
        "signature": "sha256:a4fc2284657544e0f4bcc964f927c2fda3e3a205178ed1d5d58883aaf9780cce",
        "filename": "1.7.10.jar"
      },
      {
        "signature": "sha256:cc23e80c7e0995e61b14e4b1df5c069e8a287a1f891ed5eb5c82200194b8759c",
        "filename": "GT-PlusPlus-1.4.8.6-release.jar"
      },
      {
        "signature": "sha256:8c36a80ea613d0b6b8040a17cf837c5bbe3677bc1b06a058a6c174fdb787ebbc",
        "filename": "guava-17.0.jar"
      },
      {
        "signature": "sha256:3d1527c54e84dc8ae2f7d1109e646420e82bd3b09a811641f1f9a810c46c5f93",
        "filename": "CodeChickenCore-1.7.10-1.0.7.47-universal.jar"
      },
      {
        "signature": "sha256:8772f727448b8c68785331ae051cb5d80ac6ade14b36646eed101f621356b1b1",
        "filename": "OpenEye-0.6-1.7.10.jar"
      },
      {
        "signature": "sha256:182cbb67db9de205ebaea9e2c986eca372060ac7acdce593aa5fb14a1af90a44",
        "filename": "WitchingGadgets-1.7.10-1.1.10.jar"
      },
      {
        "signature": "sha256:69b202e1c00a98ebd141e63239a49b9abb8a6171aa90c1f1befbfe8944481d30",
        "filename": "ThaumicTinkerer-2.5-1.7.10-523.jar"
      },
      {
        "signature": "sha256:4c1d78e0adee1754675d93ffbadc8c9fe205710cb77538b953e57810f9528efc",
        "filename": "Automagy-1.7.10-0.28.2.jar"
      },
      {
        "signature": "sha256:a1941ee4d4b965c4d2ddc6ec0e0b1eb3f3ff8c8b492a18a25b5fcf27c67ba58b",
        "filename": "extrautilities-1.2.12.jar"
      },
      {
        "signature": "sha256:107d11509f6af59b8c2ba23df828bc5d3c4e067b58f3d858c7deb90ca5308f84",
        "filename": "librarylwjglopenal-20100824.jar"
      },
      {
        "signature": "sha256:036751e0dca4fdbf67b2ce1e5fa3e6b2acf13b797b4ae48e37c0d10dd91f3ee9",
        "filename": "forestry_1.7.10-4.2.15.63.jar"
      },
      {
        "signature": "sha256:52ef340fbaad8503279adc9a0dc825494a129609d08a48b93077a8dda0d75e57",
        "filename": "compacter-1.1.0.12-mc1.7.10.jar"
      },
      {
        "signature": "sha256:b5ca198147dc0db250ccafb28f125f02869717508d5ba49758620122d513876d",
        "filename": "betterrain-1.7.2-1.7.10_0.15.jar"
      },
      {
        "signature": "sha256:05ae8f11b8f9012ebebbf179227b010829739c6284e30da5dd3db220ee682f8a",
        "filename": "Baubles-1.7.10-1.0.1.10.jar"
      },
      {
        "signature": "sha256:fecf3da51213d75ba7089c400744840d2fba0ac1c0ac51c04fec7aa31e32e764",
        "filename": "gendustry-1.6.4.135-mc1.7.10.jar"
      },
      {
        "signature": "sha256:0fbe5d31f7c3a2b95e9fb94c2f79931259c4c482a1125c8e11ee2f841fc64586",
        "filename": "EnderCore-1.7.10-0.2.0.39_beta.jar"
      },
      {
        "signature": "sha256:bb1185aa0a21396830f212e3acba63134f6304a334689849a907a9ccadab5ade",
        "filename": "malisiscore-1.7.10-0.14.3.jar"
      },
      {
        "signature": "sha256:35e9c42e04828b36eb8a4c279c923cde487fb3fb18794991b19c559a18509356",
        "filename": "WAILAPlugins-MC1.7.10-0.2.0-23.jar"
      },
      {
        "signature": "sha256:604ab63f1075de10f7e3ce2a91ba46e5fbf40d14d0d0684ca2f6c75709227d95",
        "filename": "IronChestMinecarts-1.0.4.jar"
      },
      {
        "signature": "sha256:0c3085cb93c3ef95d731c274b6f2dd195aa0405fe9328d69cab7f5e899d5e124",
        "filename": "lzma-0.0.1.jar"
      },
      {
        "signature": "sha256:6c4b4e50e608763564afa1bde2d25ece9dd715e7c9129540faa1faded4896506",
        "filename": "codecjorbis-20101023.jar"
      },
      {
        "signature": "sha256:33a9cd357b6ab5471cb2669a7f5b77504c15deab092475dace53381712d17252",
        "filename": "scala-actors-migration_2.11-1.1.0.jar"
      },
      {
        "signature": "sha256:a71c6396aa3152773c1db3444eb0667e22c440ee76552306a617cacd11277840",
        "filename": "fastcraft-1.23.jar"
      },
      {
        "signature": "sha256:4338f1b1bd69557c63bc99278a3166a3127b92041ad29156dc7337a3c5954981",
        "filename": "ModularPowersuits-0.11.0.301.jar"
      },
      {
        "signature": "sha256:907e3a46c9dbe4e45fe090355b0a42f6c0a4f8078e85b0a57ef4a906e7f9b934",
        "filename": "HungerOverhaul-1.7.10-1.0.0.jar"
      },
      {
        "signature": "sha256:b7f72b398f2361a4820bfa9b37b608f1306508cd8f106da605649d52513a0b06",
        "filename": "gregtech-5.09.24.jar"
      },
      {
        "signature": "sha256:dc8f900d3ca90c5be336aae2ac12ae3853fe10317c560a208058d37359055893",
        "filename": "HardcoreDarkness-MC1.7.10-1.7.jar"
      },
      {
        "signature": "sha256:b48d0732da890d958d0ca36cb82d7bffbd8a96fd8ab1bde91edc8980036bf864",
        "filename": "AquaTweaks-1.7.10-1.0.jar"
      },
      {
        "signature": "sha256:96eaa32232b5a5b0f9afc121a0e1b2416e3dca50657b31e5431c0a04ae650552",
        "filename": "netty-all-4.0.10.Final.jar"
      },
      {
        "signature": "sha256:c118f8d84313980f79e1e7f7ae4b14b10c2f20c77ea4a1c29f6f0b02bc139077",
        "filename": "lwjgl-2.9.1.jar"
      },
      {
        "signature": "sha256:89cf0cd16e8e0b8be0f8b511e2075873eef77d42b20a490ab56429721993b3e0",
        "filename": "ae2stuff-0.5.1.61.jar"
      },
      {
        "signature": "sha256:79b5a4f5829e1a49a415711f7fb8eb5b9ad22defa72929fda2da96ec30d3f018",
        "filename": "jinput-2.0.5.jar"
      },
      {
        "signature": "sha256:3dba9786966974701578a658d1bb369bf35bdf5f363079f5ac9c4910a39113be",
        "filename": "Thaumcraft-1.7.10-4.2.3.5.jar"
      },
      {
        "signature": "sha256:9864af314d9eaee35d8e35d14da23e4bc0b398081a014d14cec7501d8806e3ee",
        "filename": "akka-actor_2.11-2.3.3.jar"
      },
      {
        "signature": "sha256:ad8d1a57dc74a8655dbc8623e87df75ce206134416648ca8b2e094fc8f8b35b4",
        "filename": "GalacticraftCore-1.7-3.0.12.463.jar"
      },
      {
        "signature": "sha256:e76d88c2cc3786d8fe8b025c230e8a2557a35d63759972f890555f11325be9e7",
        "filename": "OpenBlocks-1.7.10-1.5.1.jar"
      },
      {
        "signature": "sha256:6a78c143b59fd80c03463e6778424bc2094f12d84105e7a36210c1b9c25fae5a",
        "filename": "scala-xml_2.11-1.0.2.jar"
      },
      {
        "signature": "sha256:4a0d192a34e7ef3e7af039f64dc6426bd0a5a343aae4dd1107b2043a616a77f7",
        "filename": "CodeChickenLib-1.7.10-1.1.3.138-universal.jar"
      },
      {
        "signature": "sha256:5fca136503f86ecc6cb61fbd17b137d59e56b45c7a5494e6b8fd3cabd4697fbd",
        "filename": "commons-compress-1.8.1.jar"
      }
    ],
    "addedSignatures": [
      "sha256:33a9cd357b6ab5471cb2669a7f5b77504c15deab092475dace53381712d17252",
      "sha256:de2464b67967b2315cc41b323942d4dd36f4ee65a4808fc8373f1e67a351fcd7",
      "sha256:79b5a4f5829e1a49a415711f7fb8eb5b9ad22defa72929fda2da96ec30d3f018",
      "sha256:9031d1cf2e35835a0a63d0d6e7e23da954f08b771d7bd9ef7550d905c73cf64a",
      "sha256:64335a48be6b142a7d0c13ec5c82a707857aa58c0234e6eda3eaca0e96eea51b",
      "sha256:a03882585e5917faf6e1606992fb025269aa5b605e43ed35eae017ea31860feb",
      "sha256:11351015d9c2e1552dbfb3ab74db4f40c41ecca19adeec75ed70e6e037bcf810",
      "sha256:cdd5d71b919c9c433c5b770f0ff2e721903c0bd4bbba773d7d2d64035bb30fab",
      "sha256:ad19d2601c3abf0b946b5c3a4113e226a8c1e3305e395b90013b78dd94a723ce",
      "sha256:c392a4aa51cd8e50efab545506f40e9f8929129c0e6b495422b8f916b6cc3b73",
      "sha256:924c48ed0538a7312671f7e59abc0de9c2bc49f08feff3ed8407aa41b4bf1998",
      "sha256:0c3085cb93c3ef95d731c274b6f2dd195aa0405fe9328d69cab7f5e899d5e124",
      "sha256:b5ca198147dc0db250ccafb28f125f02869717508d5ba49758620122d513876d",
      "sha256:76905f92f829a960500ebe038924290e2757930102963920a3a347922c3402cf",
      "sha256:c0328cd07ca9e363a5acd00c1cf4afe8cf554bd6d373834981ba05cebec687fb",
      "sha256:182cbb67db9de205ebaea9e2c986eca372060ac7acdce593aa5fb14a1af90a44",
      "sha256:57f402b626d16cc2705bf2a37add7adbb074f0ca3b3102fa6e23aa303dae682f",
      "sha256:89cf0cd16e8e0b8be0f8b511e2075873eef77d42b20a490ab56429721993b3e0",
      "sha256:3c8616203d61a12a7e3487e8b34f3c198c2b5ba9e90da0c7ea32d99cd4958012",
      "sha256:29aa164560f646d5171c4fa50b7ffd36d94393bf527eb5479ad47bc972eb7a61",
      "sha256:231a8fbffba0980af44471dd8801190375462e2d5a4331a071ba7b823810147d",
      "sha256:bfb3d413e67222c146a82e0e53a96024424c50a543655bbe0e4395a16046b4ff",
      "sha256:cc6a41dc3eaacc9e440a6bd0d2890b20d36b4ee408fe2d67122f328bb6e01581",
      "sha256:c118f8d84313980f79e1e7f7ae4b14b10c2f20c77ea4a1c29f6f0b02bc139077",
      "sha256:dbaa088690a23a954eff669a99d2452a24dd9f10d866725ff5d29ff4740a897e",
      "sha256:70903f6fc82e9908c8da9f20443f61d90f0870a312642991fe8462a0b9391784",
      "sha256:107d11509f6af59b8c2ba23df828bc5d3c4e067b58f3d858c7deb90ca5308f84",
      "sha256:3ebbc2f82b61812aa158375005a47da4d450bec870860fcbf015a64de74cde1c",
      "sha256:c60aa318787341b4bcebc8c4f97c340bed0285955f1183fc1749fd70235f771b",
      "sha256:c40ee13bb8507cd15fe643f88a8cee6510fdc4f12e5bbe040d9ca48ea4a9967f",
      "sha256:35e9c42e04828b36eb8a4c279c923cde487fb3fb18794991b19c559a18509356",
      "sha256:69b202e1c00a98ebd141e63239a49b9abb8a6171aa90c1f1befbfe8944481d30",
      "sha256:9864af314d9eaee35d8e35d14da23e4bc0b398081a014d14cec7501d8806e3ee",
      "sha256:3120fd24c09ab9bc088cb9c1eb2065be86718608450fdbc27b5d371729a619cb",
      "sha256:6b81d10754dadf184d386011486e6509c2cc0c3d33565ced4fb4402b9413d47d",
      "sha256:b7f72b398f2361a4820bfa9b37b608f1306508cd8f106da605649d52513a0b06",
      "sha256:0ec8cd1ede7f7bbbf73030eba8b06ebcc0583045ff4cc9aec080b1736581da71",
      "sha256:bb1185aa0a21396830f212e3acba63134f6304a334689849a907a9ccadab5ade",
      "sha256:dc8f900d3ca90c5be336aae2ac12ae3853fe10317c560a208058d37359055893",
      "sha256:c248122e9af4ec1e5ef30b0dead05288dced3d3d0f9e3d7ae199bd2058f73def",
      "sha256:6ff759efc10f9ea0deabb4aed7c1f61408d9bb9bce278949544c0a613f7ae4c8",
      "sha256:62d7c59e992f91ca3c6f26844e3dfa6b853db57d92f3b80cce0fb565ec07d1d2",
      "sha256:3f661d132061a1880310fa408e78c43407150ed5c89fb6a0fe02629f9c1b7582",
      "sha256:baff60b4ccd018f854b3b3a063a4a3107b9d5ebc76077274a95587a9ba70fbea",
      "sha256:a718bc2c11e58cc92a8ad96d5c56b34c60b6176322b3dee8eff0f6e581877ec5",
      "sha256:27cf01972d3bb37cd4ca56683b924821d142f5dc27d3d1bb46fea5fa31a1c774",
      "sha256:1e396b4347cc5ac3392550605075a1bc9cdf2181ed846a686c75f71d104f356e",
      "sha256:11a9edff3f6fe49443507f879dff1780d9a859cd5409cbba318cef09671ff503",
      "sha256:a1941ee4d4b965c4d2ddc6ec0e0b1eb3f3ff8c8b492a18a25b5fcf27c67ba58b",
      "sha256:e76d88c2cc3786d8fe8b025c230e8a2557a35d63759972f890555f11325be9e7",
      "sha256:688091f5c106603558d40f477cef58321596838e0ca8dc9bbc44951271ef780f",
      "sha256:4a0d192a34e7ef3e7af039f64dc6426bd0a5a343aae4dd1107b2043a616a77f7",
      "sha256:45470109c6495d641d1c90b9a7b468b5632b82e951eff99fd258a7e248e85aba",
      "sha256:c20c52113c5074589a6ffedc784d20ddd95e1d58926d4306cb2007d66cbd306f",
      "sha256:2884bb70ba5edaa133981bbf6dae087c47bcef655f93567252f18421138a9693",
      "sha256:c00fa1f72440f8ec8f893790f64c9cd1e93dd5f09672f19b5dc8fcfdbfbeab20",
      "sha256:b732b1829004aa160404a8275302e5eacceab9b0492175a682f6a39e718787fb",
      "sha256:4c1d78e0adee1754675d93ffbadc8c9fe205710cb77538b953e57810f9528efc",
      "sha256:09d44e6adddaab9fd89ea3164c439f71c755769fa8d3a940352ab3d2003b98ff",
      "sha256:32d7e73005a2dc0ccc3c62470c435b351f6501de8e8718e26960534754570a77",
      "sha256:a300fcf2c43ab26eb1eb380a13efdcc6c1c46f0a502da219a4b58337df52ef7b",
      "sha256:eda03c0c76118094ae54dfcec024e34b53e523acb5c6889f091a4509471afc04",
      "sha256:c6dedaaae56dc63d224e1f3ac58e540fb61d2b98da4ad7e53fd98c24d728c7fb",
      "sha256:a71c6396aa3152773c1db3444eb0667e22c440ee76552306a617cacd11277840",
      "sha256:bb7d17b340afe6abdfbfdaa03683bce4aef39a64887dbab0636eaff3cf2d59ba",
      "sha256:c2e307410bb2451e171b9396db2bfaafbf076e3759ef20363bd751c8f36d261a",
      "sha256:8f7ddf60d19903c99b6e72f7ae52fad7484999e72affc6ff0559b0502ec7dfad",
      "sha256:9844cc9b5440d65a88d28bcba9d771374d2dfdab898848cda164611091633013",
      "sha256:d8a630f984657c5ae84d41aeaa413adf73ca243b8a5eee117ec40656884d7255",
      "sha256:00d1ca02192c7efb87da95552ebf247021f1e1d642f86d0a03076314def11529",
      "sha256:9257961c710d44ba4deed68e66854a2d564421ad6228af2c683ddb1d5d185085",
      "sha256:c0507f1c914bb108a3fd9be79cadec7a1f7eab31e28f748a736bb9b26f01a012",
      "sha256:771df443516a2356c15c8131a15530298d56fe758a549b0d5ba043230b97c27b",
      "sha256:3b3dd7b71a64563039faf157ad138fb8f2d9ba7f28ef2309a6afcdab98e58d67",
      "sha256:c3334ff39cf0ab3b54925619101054c90098b7c733b1e7834c7b75e4c41e84a5",
      "sha256:76c53e760a716a7f881241e330300e967c069436d3d9d3fc10b11ab364e1e7e1",
      "sha256:eb0ca9bdd938f80711152a758d6bc331a8b0d769199d457294dc67ed03f73498",
      "sha256:604ab63f1075de10f7e3ce2a91ba46e5fbf40d14d0d0684ca2f6c75709227d95",
      "sha256:a4fc2284657544e0f4bcc964f927c2fda3e3a205178ed1d5d58883aaf9780cce",
      "sha256:85e0d8571ffcd155ca5e9d0f4ad8d6a80403a2328f3cd719b92d79cd672c5fd0",
      "sha256:57e68a303740e7b09ee05ed1fd6da342a1c2dc7d3f14ae283d71cbd35673f7b6",
      "sha256:036751e0dca4fdbf67b2ce1e5fa3e6b2acf13b797b4ae48e37c0d10dd91f3ee9",
      "sha256:2253a460a3f33eee0fb5a5a9a9207cd527510997f301beae758945266e51e9ff",
      "sha256:ee7840eb553b850bdb32ed5be6194936f02f2cb2c9b915e4996312ec4a812588",
      "sha256:056aef1c2971c783d7553b1b33ba411467dd2a263476b76c1325038e7ed5d079",
      "sha256:21dc2a1752540f8d09a6f332020c60c5a8e3b6170fed16e083b7340ec8ec367f",
      "sha256:abd02320e2356f89d054dae4cf02306bef20a9cf7865b3ac94ec7552b4f1528b",
      "sha256:d39e6c8fc27709b04d58ec4c1b625648776dbf01cdf7af2d51388ee215d5d4e8",
      "sha256:644a4e621c66a6cf0b6e0f058979e6d6b189abc4c6600481ce8515890c270c45",
      "sha256:29bad159b532a050f38b0e303da9da4d712fe3a9949687cc88da5a868cbfcad8",
      "sha256:5fca136503f86ecc6cb61fbd17b137d59e56b45c7a5494e6b8fd3cabd4697fbd",
      "sha256:35e007551dc19dbcded8a0476e0cff20d34b42f4b71273772ac1b8382dd245c2",
      "sha256:a46d9a24cd195767cbaf3752ecebc9ecf5484c526dcc5b23d06431fdfcd1a259",
      "sha256:6d845b6cfd5dbb5c9f2ba40ba4a0a0451a00769b0041241e3cb4246289f0489e",
      "sha256:ce7a9c86ebebf30b89929026f4a0a3c58ce0f4d47937d6dc086ae4fd0c77544a",
      "sha256:14472b0616947722d7dbe29bd82067218e4c3788b31e21822153bb2c22dde57c",
      "sha256:20d3c6ab0961545853207d263132788dde7198e9b9856a3abcd289c05691d1d5",
      "sha256:5e108efd78790b644a631e72362657acf8c16bfda5b0ba23e8553e418d1fd92e",
      "sha256:cc23e80c7e0995e61b14e4b1df5c069e8a287a1f891ed5eb5c82200194b8759c",
      "sha256:ad8d1a57dc74a8655dbc8623e87df75ce206134416648ca8b2e094fc8f8b35b4",
      "sha256:5e4e10114f2e234dfde8548e84066a7a1d3ec1583c1137b80cc718584a8250b8",
      "sha256:dcde6033b205433d6e9855c93740f798951fa3a3f252035a768d9f356fde806d",
      "sha256:be7f605f1a22076f5d1fec2ad09e8edb94e1f58d0e5f11536f578a6a52aea3a0",
      "sha256:3d1527c54e84dc8ae2f7d1109e646420e82bd3b09a811641f1f9a810c46c5f93",
      "sha256:52ef340fbaad8503279adc9a0dc825494a129609d08a48b93077a8dda0d75e57",
      "sha256:73b5fcd1d06f85b8092456d8b539697173ec48116d5fe374f58c6783f2633b0b",
      "sha256:4e730c46f10fa35a681f77a2db56bcf107193fef561546b61cadca06f83cd1f2",
      "sha256:8772f727448b8c68785331ae051cb5d80ac6ade14b36646eed101f621356b1b1",
      "sha256:a8ced4924d0e285ab287d94889e9920f855b9e13ef42e1c7468377b3c13bdb2b",
      "sha256:8d2f17b901d7ace91e2004a357c1408edc8e181394d82f453e0f2be7ca75f1cf",
      "sha256:8ca7970639179379750fd88399494f58fab66cefa4ee266ee66dda3833fdb3b6",
      "sha256:b48d0732da890d958d0ca36cb82d7bffbd8a96fd8ab1bde91edc8980036bf864",
      "sha256:3dba9786966974701578a658d1bb369bf35bdf5f363079f5ac9c4910a39113be",
      "sha256:9bb96584505aae1c16ce93f61ca68ee75bc7d59543ea9f13c221ff9305fc6f68",
      "sha256:af168f67ea58a05664a43104bca81bd57ee8c7a0f292ebe14cd310c469bbfd15",
      "sha256:147592c5eb8e11fc8394125954f877acf25918bae13aa210c2825aefc3030ed8",
      "sha256:8c36a80ea613d0b6b8040a17cf837c5bbe3677bc1b06a058a6c174fdb787ebbc",
      "sha256:68c8a4f4c7785f939d8fa2e7df56c76afa37dfd2574f738a07d3dfd80d6257a6",
      "sha256:333bbefeff5eb1722dc9b8d2e26c38bc69c1efa07d0ca870480f29d8858aa336",
      "sha256:44423d7c43bde9274e1dbc1b00d6bd14ec7cb2572326eeefa9c6dd6fab47930b",
      "sha256:3a39374ca93c0f1ac7cc738c162c70747987a8a2daa85aa1c9594cf90b107445",
      "sha256:6ab21a9973846ffa41a1e5b643e14c13a6d5b720bf1ff315256a9c98f767eaae",
      "sha256:2882d64550240dd0c026724da664d9f97ef205c91d6a85273d10790d88608f34",
      "sha256:96eaa32232b5a5b0f9afc121a0e1b2416e3dca50657b31e5431c0a04ae650552",
      "sha256:ac1c37833aa8ec38a38f42111a9b2e196336b14c0891a3e76e284a61d1fb3dac",
      "sha256:b73960e3311152477a3b8fc5589631f86e8ae8a45d98a655bd7d4e662f6119f8",
      "sha256:775c201e62cb88690e00be143566acf8c2fe6f70aaa0dbb6156ded12b7bebf52",
      "sha256:f4bc72fb618cfcb682c4d8b63cd379daf8f3e75d784778a6b7a511ab786923df",
      "sha256:5c04915aee4baba59b69457eb4bcc6b79d01a9ef87a8ffe4da972977026f68fc",
      "sha256:f921abc9c792f594f7fc6fc06b4a7ea330b646ea5ed3785e3589f90b16b2aad1",
      "sha256:48735b82e240bcadea62baa3a5ab601d091045579e1ecd1945866393394f4ce1",
      "sha256:f6fc63b64a8d7f82e99a8a1e4f74b60e1748c2ab63d0a7e1ae2716976e21d04d",
      "sha256:0fbe5d31f7c3a2b95e9fb94c2f79931259c4c482a1125c8e11ee2f841fc64586",
      "sha256:6756b33668f0c63fd4a4b05ccbbd70e365f5e753b56cf07cc39d564e6e4fdced",
      "sha256:a9e5f3b49fcac4f899fb508435edb112881668860023006cd84020410557a1fe",
      "sha256:520814f75f3abe9ad2285907e31d64f7b8a752da4a1dbfc2a72d0d44a8188950",
      "sha256:8e968943cce623f6af5402595bb8731ecf6c32c394f44d602f13396ad10e49c0",
      "sha256:fecf3da51213d75ba7089c400744840d2fba0ac1c0ac51c04fec7aa31e32e764",
      "sha256:05ae8f11b8f9012ebebbf179227b010829739c6284e30da5dd3db220ee682f8a",
      "sha256:c86d6ffc6bc5238abecbc039850f2bca520b389a3fcd399eb0847c6c7223a01d",
      "sha256:c2f7fe2e58d874a8f1f438f8f1cb9e19f53f0a153e74a9a3340c747825efc1e9",
      "sha256:651014c7d82b702b058379c79f20260146f68c20b0012c794c18002543b9bdc1",
      "sha256:89fb51cf176e5460f8fdd5076655ee620f76b17da1f7f3a15d12e4bd9778817e",
      "sha256:5593f1c4211a79a9974d9447472daa8a411c4b1609ee3667edc6380192422c6b",
      "sha256:6c4b4e50e608763564afa1bde2d25ece9dd715e7c9129540faa1faded4896506",
      "sha256:97691ed534192e0efd34f27bce0e631a83b483db1462f1d62bf827d34244e380",
      "sha256:4338f1b1bd69557c63bc99278a3166a3127b92041ad29156dc7337a3c5954981",
      "sha256:907e3a46c9dbe4e45fe090355b0a42f6c0a4f8078e85b0a57ef4a906e7f9b934",
      "sha256:09f6eda533c9de3a9b238ef9a5203e6c2dba56bdbb7c16f780eba990eaec0875",
      "sha256:d90186cf392cc883482b12b508dd6cfb04e15e079b8d387c17a4d2a029b807bb",
      "sha256:6a78c143b59fd80c03463e6778424bc2094f12d84105e7a36210c1b9c25fae5a"
    ],
    "removedSignatures": [],
    "workTime": 6036434.5,
    "language": "en_US",
    "locale": "en_US",
    "timezone": "America/Chicago",
    "branding": [
      "Minecraft 1.7.10",
      "MCP v9.05",
      "FML v7.10.99.99",
      "Minecraft Forge 10.13.4.1614",
      "Optifine OptiFine_1.7.10_HD_U_D6",
      "128 mods loaded, 128 mods active"
    ],
    "runtime": {
      "mcp": "MCP v9.05",
      "fml": "7.10.99.99",
      "forge": "10.13.4.1614"
    },
    "minecraft": "Minecraft 1.7.10",
    "javaVersion": "Oracle Corporation 1.8.0_91",
    "side": "client",
    "obfuscated": true,
    "type": "analytics"
  }
]